Date,Temperature,Minimum_Temperature,Maximum_Temperature,Rainfall,Pressure,Sunshine
2000-01-01,23.0,15.6,30.4,0.0,1012.7,17220.0
2000-02-01,25.3,19.2,31.4,81.0,1009.9,13680.0
2000-03-01,27.9,20.1,35.7,0.5,1007.9,17100.0
2000-04-01,32.3,24.7,39.8,13.0,1003.9,16860.0
2000-05-01,31.4,25.2,37.6,65.0,1003.7,17280.0
2000-06-01,27.3,,,216.0,1002.1,7620.0
2000-07-01,26.1,22.3,30.0,126.0,1002.3,8640.0
2000-08-01,25.9,22.2,29.7,469.0,1003.3,6120.0
2000-09-01,26.3,21.7,31.0,51.0,1006.5,12000.0
2000-10-01,26.7,20.4,33.0,22.0,1007.9,13860.0
2000-11-01,24.2,17.2,31.2,2.0,1011.7,15000.0
2000-12-01,21.4,13.3,29.5,1.0,1013.9,16560.0
2001-01-01,22.9,16.0,29.8,11.0,1012.3,14640.0
2001-02-01,26.1,17.7,34.5,0.0,1009.9,16200.0
2001-03-01,28.7,,,61.0,1008.3,14760.0
2001-04-01,30.8,24.7,36.9,14.0,1006.8,14880.0
2001-05-01,33.7,27.1,40.4,0.5,1002.3,17520.0
2001-06-01,28.3,23.4,33.1,225.0,1001.9,9180.0
2001-07-01,27.3,22.7,31.9,43.0,1003.1,7680.0
2001-08-01,25.7,22.1,29.4,238.0,1003.9,6480.0
2001-09-01,27.3,22.7,32.0,92.0,1006.3,8460.0
2001-10-01,25.5,20.5,30.4,140.0,1008.3,11580.0
2001-11-01,24.7,18.7,30.6,1.0,1012.2,14160.0
2001-12-01,21.9,14.5,29.4,0.0,1016.1,15360.0
2002-01-01,22.4,15.7,29.1,11.0,1013.5,15300.0
2002-02-01,25.2,,,0.5,1013.7,15000.0
2002-03-01,29.2,,,16.0,1008.7,15600.0
2002-04-01,32.5,25.9,39.1,2.0,1005.7,16080.0
2002-05-01,33.1,26.5,39.6,64.0,1002.6,15480.0
2002-06-01,28.8,23.6,34.1,165.0,1002.2,10020.0
2002-07-01,27.8,22.9,32.7,65.0,1004.2,11220.0
2002-08-01,25.5,,,197.0,1004.2,7380.0
2002-09-01,26.7,21.5,32.0,44.0,1007.0,12540.0
2002-10-01,26.0,19.9,32.1,96.0,1009.4,13200.0
2002-11-01,23.0,15.2,30.7,2.0,1012.3,15060.0
2002-12-01,22.5,14.4,30.6,0.0,1014.1,15600.0
2003-01-01,22.5,15.4,29.7,0.0,1014.9,14820.0
2003-02-01,25.9,19.2,32.7,11.0,1011.3,14520.0
2003-03-01,28.5,21.6,35.4,12.0,1009.3,14940.0
2003-04-01,31.6,24.6,38.6,27.0,1006.3,16380.0
2003-05-01,34.2,27.1,41.3,0.0,1002.4,17460.0
2003-06-01,30.6,26.3,37.1,65.0,1001.1,11460.0
2003-07-01,27.0,,31.2,265.0,1003.1,5160.0
2003-08-01,26.1,22.7,29.4,144.0,1004.5,7620.0
2003-09-01,26.9,22.8,31.1,55.0,1006.1,10260.0
2003-10-01,26.1,20.9,31.2,169.0,1008.9,12180.0
2003-11-01,23.3,17.0,29.6,0.0,1013.5,15660.0
2003-12-01,21.6,14.6,28.6,0.0,1015.0,8700.0
2004-01-01,22.5,16.1,28.9,39.0,1013.3,15060.0
2004-02-01,24.1,17.1,31.3,1.0,1012.4,16200.0
2004-03-01,29.3,21.4,37.1,32.0,1008.6,16620.0
2004-04-01,31.4,24.8,38.0,59.0,1005.9,16620.0
2004-05-01,30.5,24.6,36.5,27.0,1003.3,14100.0
2004-06-01,29.3,23.6,35.0,29.0,1003.3,11820.0
2004-07-01,26.6,22.2,31.0,221.0,1003.2,8040.0
2004-08-01,25.9,21.5,30.4,69.0,1004.2,11340.0
2004-09-01,26.5,21.7,31.4,118.0,1006.9,10440.0
2004-10-01,25.5,19.9,31.1,73.0,1011.3,11340.0
2004-11-01,23.6,16.9,30.4,0.0,1013.8,14220.0
2004-12-01,21.5,13.2,29.9,0.0,1014.1,16140.0
2005-01-01,23.2,16.5,30.0,40.0,1012.8,13020.0
2005-02-01,25.1,17.5,32.8,10.0,1012.3,16080.0
2005-03-01,27.9,19.9,36.0,19.0,1009.5,16680.0
2005-04-01,30.1,23.3,37.0,25.0,1007.9,14040.0
2005-05-01,32.5,25.0,40.0,22.0,1003.1,15360.0
2005-06-01,31.2,25.4,37.1,89.0,1000.8,10980.0
2005-07-01,26.6,23.1,30.1,370.0,1003.1,6060.0
2005-08-01,26.5,22.9,30.1,115.0,1005.0,8040.0
2005-09-01,26.3,22.4,30.2,221.0,1005.1,7920.0
2005-10-01,25.9,21.4,30.3,222.0,1009.1,9300.0
2005-11-01,22.1,14.9,29.3,0.0,1013.2,15720.0
2005-12-01,21.7,14.1,29.3,0.0,1013.0,15660.0
2006-01-01,22.2,14.0,30.4,0.0,1014.1,17580.0
2006-02-01,24.7,15.9,33.6,0.0,1012.1,16680.0
2006-03-01,27.4,20.6,34.2,42.0,1009.1,15180.0
2006-04-01,29.0,25.1,32.9,68.0,1005.6,15480.0
2006-05-01,32.0,25.6,38.4,103.0,1003.5,16860.0
2006-06-01,29.3,24.6,34.0,84.0,1003.1,9720.0
2006-07-01,27.6,23.4,31.8,193.0,1002.7,8100.0
2006-08-01,26.3,22.6,30.0,228.0,1004.1,8160.0
2006-09-01,27.1,22.8,31.4,206.0,,9360.0
2006-10-01,26.5,21.2,31.8,16.0,1011.2,11820.0
2006-11-01,24.3,19.2,29.4,52.0,1012.7,11760.0
2006-12-01,22.5,15.2,29.7,0.0,1014.9,15840.0
2007-01-01,23.1,15.9,30.3,0.0,1015.1,16140.0
2007-02-01,24.8,17.5,32.1,0.0,1011.9,15120.0
2007-03-01,28.9,21.6,36.2,0.0,1008.7,13620.0
2007-04-01,31.0,23.9,38.1,23.0,1006.7,15540.0
2007-05-01,33.6,26.8,40.4,12.0,1002.9,16920.0
2007-06-01,28.9,23.7,34.0,113.0,1001.2,6300.0
2007-07-01,27.6,23.0,32.2,93.0,1002.5,9240.0
2007-08-01,26.6,22.0,31.2,246.0,1003.5,8580.0
2007-09-01,26.3,22.3,30.3,267.0,1004.1,6660.0
2007-10-01,26.1,20.7,31.6,18.0,1008.9,11580.0
2007-11-01,23.5,16.3,30.6,21.0,1012.4,16860.0
2007-12-01,23.5,16.7,30.2,0.0,1013.2,
2008-01-01,23.3,16.0,30.6,0.0,1012.5,16620.0
2008-02-01,25.2,19.5,31.0,69.0,1011.3,13020.0
2008-03-01,27.9,21.7,34.0,166.0,1008.5,13140.0
2008-04-01,30.4,23.7,37.2,14.0,1005.9,17280.0
2008-05-01,33.2,26.3,40.1,21.0,1002.9,16860.0
2008-06-01,29.6,24.6,34.7,40.0,1002.3,9120.0
2008-07-01,28.2,23.4,33.0,96.0,1001.9,8040.0
2008-08-01,26.3,22.5,30.1,465.0,1003.7,7320.0
2008-09-01,26.4,21.9,30.9,185.0,1005.9,9240.0
2008-10-01,26.7,20.9,32.5,48.0,1009.9,14160.0
2008-11-01,24.5,18.5,30.6,48.0,1011.7,12000.0
2008-12-01,23.3,16.0,30.5,0.0,1013.7,16140.0
2009-01-01,23.2,15.8,30.6,0.0,1014.5,16500.0
2009-02-01,26.9,19.1,34.8,0.0,1010.9,15480.0
2009-03-01,28.2,20.3,36.3,2.0,1008.9,14460.0
2009-04-01,31.7,24.2,39.1,23.0,1005.4,14820.0
2009-05-01,33.4,25.9,40.9,17.0,1001.6,17220.0
2009-06-01,30.5,23.7,37.3,69.0,1002.3,14040.0
2009-07-01,27.5,22.0,33.0,55.0,1002.1,7980.0
2009-08-01,27.1,21.7,32.5,353.0,1004.8,8880.0
2009-09-01,27.2,21.5,32.9,146.0,1005.4,10020.0
2009-10-01,25.7,18.8,32.5,70.0,1009.1,13920.0
2009-11-01,24.2,17.8,30.7,28.0,1011.8,12780.0
2009-12-01,22.9,16.2,29.5,4.0,1014.1,14640.0
2010-01-01,22.5,15.6,29.3,6.0,1015.1,13380.0
2010-02-01,26.2,19.2,33.3,3.0,1012.1,14580.0
2010-03-01,30.0,22.3,37.7,0.0,1009.4,13740.0
2010-04-01,33.3,25.9,40.8,1.0,1006.2,15480.0
2010-05-01,33.5,26.5,40.6,17.0,1002.3,14520.0
2010-06-01,30.8,25.5,36.2,151.0,,11040.0
2010-07-01,26.8,23.0,30.7,339.0,1003.0,6180.0
2010-08-01,27.3,23.1,31.6,217.0,1003.5,8400.0
2010-09-01,27.0,22.7,31.3,231.0,,8760.0
2010-10-01,26.6,22.2,31.2,56.0,1006.9,9540.0
2010-11-01,25.3,20.7,30.0,47.0,1010.9,9000.0
2010-12-01,21.9,15.1,28.7,15.0,1011.1,11760.0
2011-01-01,22.1,13.5,30.7,0.0,1012.5,14520.0
2011-02-01,24.7,17.3,32.2,25.0,1010.9,13560.0
2011-03-01,28.3,20.6,36.1,2.0,1008.7,16020.0
2011-04-01,30.2,23.1,37.3,7.0,1006.7,15480.0
2011-05-01,33.1,26.1,40.0,2.0,1003.5,15720.0
2011-06-01,29.5,23.4,35.7,36.0,1001.4,11100.0
2011-07-01,27.1,21.9,32.3,186.0,1001.9,9600.0
2011-08-01,26.2,23.1,31.0,235.0,1003.0,7500.0
2011-09-01,26.7,23.1,31.9,77.0,1005.2,10920.0
2011-10-01,27.3,21.6,33.0,70.0,1009.1,13560.0
2011-11-01,24.4,17.7,31.1,8.0,1012.0,12900.0
2011-12-01,23.2,15.4,30.9,0.0,1012.3,13680.0
2012-01-01,23.8,16.7,30.9,0.5,1012.5,13800.0
2012-02-01,26.1,18.3,33.8,0.0,1010.3,15420.0
2012-03-01,29.1,20.8,37.5,0.0,1008.3,16260.0
2012-04-01,31.5,24.8,38.3,18.0,1005.8,13740.0
2012-05-01,34.4,27.4,41.5,5.0,1002.1,16560.0
2012-06-01,30.1,24.8,35.5,133.0,1001.9,10680.0
2012-07-01,26.7,22.7,30.6,232.0,1002.1,5280.0
2012-08-01,26.5,22.6,30.5,143.0,1003.8,9960.0
2012-09-01,26.3,22.6,31.0,114.0,1005.9,9300.0
2012-10-01,25.6,20.0,31.2,78.0,1010.2,13200.0
2012-11-01,24.1,18.4,29.9,39.0,1011.3,11220.0
2012-12-01,23.9,17.1,30.8,0.0,1012.5,13740.0
2013-01-01,24.7,18.4,31.0,0.5,1013.5,13320.0
2013-02-01,25.4,19.4,31.4,17.0,1012.3,14160.0
2013-03-01,29.2,22.5,35.9,0.0,1009.5,15120.0
2013-04-01,31.5,25.2,37.9,75.0,1006.4,16440.0
2013-05-01,34.7,28.4,40.9,10.0,1001.9,16080.0
2013-06-01,27.6,23.7,32.4,203.0,1001.9,
2013-07-01,25.9,22.5,29.2,197.0,1001.6,5520.0
2013-08-01,25.8,22.3,29.3,125.0,1004.3,7380.0
2013-09-01,26.9,22.6,31.2,155.0,1005.1,11220.0
2013-10-01,25.9,22.0,30.5,239.0,1007.8,11280.0
2013-11-01,23.7,18.1,29.2,14.0,1012.3,12960.0
2013-12-01,21.9,15.1,28.6,0.0,1013.5,16800.0
2014-01-01,23.3,17.7,28.9,0.0,1014.9,15360.0
2014-02-01,24.7,18.1,31.2,1.0,1011.2,15120.0
2014-03-01,27.6,21.7,33.5,47.0,1011.0,13920.0
2014-04-01,31.7,25.0,38.3,14.0,1007.5,14460.0
2014-05-01,32.4,26.3,38.5,34.0,1004.3,15960.0
2014-06-01,30.2,26.2,37.4,52.0,1001.4,14100.0
2014-07-01,26.1,23.9,32.0,174.0,1002.5,6600.0
2014-08-01,28.3,23.9,32.7,162.0,1003.9,11220.0
2014-09-01,27.0,23.6,31.5,67.0,1006.1,10860.0
2014-10-01,27.3,22.3,32.4,27.0,1010.0,13320.0
2014-11-01,24.9,18.6,31.2,44.0,1012.3,13500.0
2014-12-01,22.5,15.9,29.1,1.0,1013.9,14640.0
2015-01-01,22.5,15.7,29.3,0.0,1014.7,16080.0
2015-02-01,25.2,17.9,32.5,0.0,1012.8,16320.0
2015-03-01,28.2,21.9,34.5,21.0,1011.5,14040.0
2015-04-01,30.1,23.9,36.3,99.0,1007.9,15480.0
2015-05-01,33.9,27.9,39.9,9.0,1004.1,16260.0
2015-06-01,28.4,24.3,34.3,82.0,1002.9,8700.0
2015-07-01,29.6,24.6,34.6,38.0,1003.2,13680.0
2015-08-01,27.4,23.5,32.6,60.0,1005.1,9180.0
2015-09-01,27.2,23.0,33.0,141.0,1006.7,10080.0
2015-10-01,26.3,21.8,33.4,65.0,1010.8,15000.0
2015-11-01,25.9,20.1,31.7,1.0,1012.0,13260.0
2015-12-01,25.1,18.3,31.9,0.0,1014.0,15780.0
2016-01-01,24.1,17.1,31.1,3.0,1014.3,15420.0
2016-02-01,27.7,20.5,34.8,0.0,1012.1,15000.0
2016-03-01,30.6,23.4,37.8,0.0,1009.7,15000.0
2016-04-01,34.1,27.0,41.2,9.0,1005.6,16620.0
2016-05-01,32.3,25.6,38.9,140.0,1004.0,15960.0
2016-06-01,29.0,23.9,34.1,142.0,1002.8,7620.0
2016-07-01,26.6,22.5,30.7,195.0,1003.5,5640.0
2016-08-01,27.3,22.7,31.9,74.0,1003.9,11280.0
2016-09-01,25.3,21.6,29.1,440.0,1005.5,5880.0
2016-10-01,25.7,19.8,31.6,37.0,1009.1,13980.0
2016-11-01,23.6,15.7,31.5,5.0,1012.9,16080.0
2016-12-01,22.7,15.1,30.3,0.0,1013.7,15480.0
2017-01-01,22.9,15.8,30.3,0.0,1014.5,16020.0
2017-02-01,25.6,17.7,33.5,0.0,1013.1,16620.0
2017-03-01,29.1,21.6,36.5,5.0,1008.9,16140.0
2017-04-01,33.1,25.4,40.8,9.0,1005.9,16620.0
2017-05-01,33.8,27.3,40.3,73.0,1003.7,17220.0
2017-06-01,28.9,24.1,33.8,202.0,1002.9,8460.0
2017-07-01,27.4,23.2,31.5,165.0,1003.3,8460.0
2017-08-01,26.9,22.9,30.8,210.0,1003.7,7860.0
2017-09-01,27.5,23.1,31.9,187.0,1006.1,8400.0
2017-10-01,26.8,21.4,32.1,172.0,1007.9,11160.0
2017-11-01,24.7,18.1,31.4,0.0,1011.1,14400.0
2017-12-01,22.5,15.0,30.0,0.0,1013.8,15900.0
2018-01-01,22.8,14.9,30.7,0.0,1012.3,16440.0
2018-02-01,24.8,17.4,32.2,0.0,1012.7,14820.0
2018-03-01,29.3,22.0,36.6,0.5,1008.9,13920.0
2018-04-01,31.3,24.5,38.0,58.0,1006.3,15540.0
2018-05-01,33.4,27.0,39.8,38.0,1003.7,15120.0
2018-06-01,29.9,24.7,35.2,101.0,1001.8,10740.0
2018-07-01,27.1,23.3,30.9,92.0,1002.2,6060.0
2018-08-01,26.1,22.2,30.1,133.0,1003.5,7200.0
2018-09-01,27.1,22.1,32.0,93.0,1007.4,10440.0
2018-10-01,26.8,20.5,33.1,72.0,1010.9,13860.0
2018-11-01,25.2,18.4,32.0,0.0,1013.1,14580.0
2018-12-01,22.7,17.1,28.4,48.0,1014.4,10740.0
2019-01-01,21.9,14.7,29.1,11.0,1015.7,15420.0
2019-02-01,26.0,19.5,32.5,2.0,1012.9,15600.0
2019-03-01,29.7,22.8,36.7,0.0,1009.4,15900.0
2019-04-01,32.1,24.9,39.2,47.0,1006.6,15480.0
2019-05-01,35.1,28.7,41.6,27.0,1003.3,17460.0
2019-06-01,31.5,26.1,37.0,87.0,1002.3,12480.0
2019-07-01,27.9,24.0,31.9,93.0,1002.7,7620.0
2019-08-01,27.3,23.6,30.9,128.0,1003.4,9060.0
2019-09-01,26.6,22.9,30.3,322.0,1006.4,5580.0
2019-10-01,26.5,22.3,30.7,144.0,1010.7,10020.0
2019-11-01,25.3,20.0,30.7,2.0,1012.5,14340.0
2019-12-01,22.9,18.6,28.2,4.0,1014.4,
2020-01-01,24.1,18.5,29.8,39.0,1013.7,14700.0
2020-02-01,25.2,19.0,31.4,4.0,1013.4,14700.0
2020-03-01,28.4,22.2,34.6,24.0,1010.1,14880.0
2020-04-01,31.5,25.0,37.9,21.0,1007.9,15060.0
2020-05-01,33.5,27.2,39.8,42.0,1004.1,15900.0
2020-06-01,29.3,24.5,34.0,225.0,1002.8,10740.0
2020-07-01,27.5,23.3,31.7,129.0,1003.3,8640.0
2020-08-01,26.1,22.7,29.5,250.0,1003.4,7140.0
2020-09-01,27.2,23.0,31.4,204.0,1004.7,8280.0
2020-10-01,26.1,21.3,30.8,401.0,1006.7,10200.0
2020-11-01,24.1,17.9,30.3,9.0,1013.1,13560.0
2020-12-01,22.5,15.3,29.6,0.0,1013.5,16320.0
2021-01-01,24.4,18.6,30.2,2.0,1012.1,14100.0
2021-02-01,24.3,17.4,31.3,6.0,1012.6,14940.0
2021-03-01,28.8,21.3,36.3,0.0,1009.3,15480.0
2021-04-01,31.0,24.6,37.4,28.0,1006.9,13800.0
2021-05-01,31.5,25.6,37.3,35.0,1004.2,15540.0
2021-06-01,28.4,23.8,33.0,158.0,1003.9,9600.0
2021-07-01,26.7,23.1,30.4,326.0,1002.4,7140.0
2021-08-01,27.1,23.1,31.1,142.0,1004.5,9000.0
2021-09-01,26.3,22.6,29.9,220.0,1004.4,7740.0
2021-10-01,26.7,21.4,31.9,165.0,1008.1,13740.0
2021-11-01,25.1,20.4,29.7,9.0,1010.5,8520.0
2021-12-01,23.3,16.8,29.7,0.0,1014.3,13560.0
2022-01-01,23.1,17.0,29.3,4.0,1012.7,13860.0
2022-02-01,25.1,18.1,32.0,0.0,1011.1,14940.0
2022-03-01,29.3,22.2,36.3,0.0,1007.9,13620.0
2022-04-01,32.5,26.0,39.0,3.0,1006.1,
2022-05-01,32.1,26.2,38.1,81.0,1001.9,14580.0
2022-06-01,30.3,24.7,35.9,85.0,1002.3,10320.0
2022-07-01,25.7,22.2,29.3,372.0,1002.8,6060.0
2022-08-01,26.7,22.8,30.7,93.0,1003.3,9300.0
2022-09-01,26.5,22.3,30.7,181.0,1005.7,8340.0
2022-10-01,24.9,19.9,30.0,162.0,1009.6,12420.0
2022-11-01,23.6,17.2,30.0,1.0,1012.3,13260.0
2022-12-01,24.1,18.2,29.9,8.0,1012.3,13140.0
2023-01-01,23.7,17.4,29.9,0.0,1013.9,15720.0
2023-02-01,25.7,18.0,33.5,0.0,1012.5,16260.0
2023-03-01,27.2,20.9,33.5,53.0,1010.7,14580.0
2023-04-01,30.0,23.8,36.2,134.0,1007.8,15180.0
2023-05-01,31.3,25.7,36.9,87.0,1006.0,15600.0
2023-06-01,31.9,26.4,37.5,80.0,1002.8,13320.0
2023-07-01,26.5,23.2,29.8,336.0,1003.3,5700.0
2023-08-01,27.7,23.8,31.5,61.0,1006.1,10920.0
2023-09-01,26.9,23.2,30.5,345.0,1005.0,7440.0
2023-10-01,26.8,21.0,32.6,0.0,1010.5,14820.0
2023-11-01,25.9,21.3,30.4,23.0,1013.0,9840.0
2023-12-01,22.9,17.1,28.6,4.0,1014.1,12900.0
2024-01-01,24.3,18.8,29.9,0.0,1014.1,12840.0
2024-02-01,26.9,20.3,33.4,0.0,1013.1,15120.0
2024-03-01,30.1,23.9,36.3,0.0,1010.3,12480.0
2024-04-01,33.0,26.9,39.1,1.0,1006.3,14160.0
2024-05-01,32.5,26.6,38.5,147.0,1003.1,16200.0
2024-06-01,29.5,25.0,34.1,123.0,1002.7,9600.0
2024-07-01,26.9,23.7,30.0,175.0,1001.5,5640.0
2024-08-01,27.5,23.7,31.3,265.0,1004.9,8340.0
2024-09-01,26.5,23.1,30.0,277.0,1004.9,8700.0
2024-10-01,27.3,22.7,31.8,55.0,1008.9,12060.0
2024-11-01,24.5,18.5,30.6,3.0,1012.0,13740.0
2024-12-01,23.9,18.9,29.0,10.0,1012.5,10200.0
2025-01-01,23.2,16.6,29.8,0.0,1013.2,15780.0
2025-02-01,26.9,19.7,34.1,0.0,1012.1,15900.0
2025-03-01,29.1,22.0,36.3,32.0,1009.3,15660.0
2025-04-01,30.9,24.8,37.1,113.0,1006.7,14700.0
2025-05-01,30.0,24.5,35.5,74.0,1002.9,12780.0
2025-06-01,28.9,24.2,33.6,14.0,1002.5,9960.0
2025-07-01,26.9,23.0,30.9,206.0,1002.5,8520.0
2025-08-01,25.8,22.1,29.5,360.0,1004.6,6900.0
2025-09-01,26.0,22.0,30.0,301.0,1005.5,7380.0
2025-10-01,26.1,21.8,30.3,163.0,1008.8,10800.0
2025-11-01,23.5,17.4,29.7,20.0,1013.5,14580.0
2025-12-01,21.4,13.9,28.9,0.0,1014.7,16020.0
