country,year,population,primary_energy_consumption,energy_per_capita,renewables_consumption,fossil_fuel_consumption,coal_consumption,gas_consumption,oil_consumption,electricity_demand,renewables_electricity,solar_electricity,wind_electricity
India,2000,1057922731.0,3725.401,3521.43,224.159,3442.303,1911.166,253.627,1277.51,572.69,80.27,0.01,1.58
India,2001,1077898579.0,3740.874,3470.525,212.162,3462.326,1926.953,254.277,1281.096,587.38,76.19,0.01,2.09
India,2002,1097600380.0,3870.809,3526.61,201.231,3602.576,2012.79,265.544,1324.242,610.99,72.78,0.01,2.09
India,2003,1116803000.0,4008.71,3589.451,205.485,3739.946,2107.984,284.269,1347.694,639.82,74.63,0.02,2.6
India,2004,1135991509.0,4352.651,3831.588,298.403,3977.076,2243.529,306.691,1426.856,700.02,109.2,0.02,5.23
India,2005,1154676321.0,4608.417,3991.09,291.814,4249.498,2456.113,343.256,1450.128,706.07,107.47,0.02,5.99
India,2006,1172878888.0,4854.867,4139.273,344.743,4440.676,2549.865,358.772,1532.039,747.17,127.56,0.01,9.34
India,2007,1190676028.0,5268.96,4425.184,381.644,4815.856,2790.272,388.103,1637.482,801.2,141.75,0.06,11.68
India,2008,1207930960.0,5576.529,4616.596,372.704,5139.897,3020.762,399.877,1719.259,834.25,138.91,0.06,14.38
India,2009,1225524764.0,5988.39,4886.388,355.862,5566.137,3268.266,491.081,1806.79,883.93,133.25,0.08,16.27
India,2010,1243481565.0,6247.89,5024.514,376.951,5786.579,3348.546,589.616,1848.416,941.94,141.53,0.11,19.46
India,2011,1261224956.0,6587.01,5222.708,456.895,6017.487,3478.864,602.859,1935.765,1037.44,171.94,0.83,23.95
India,2012,1278674501.0,6937.768,5425.75,429.064,6396.479,3787.818,556.991,2051.67,1093.06,161.83,2.1,27.43
India,2013,1295829507.0,7163.062,5527.781,481.422,6565.578,4009.729,490.193,2065.656,1145.18,182.99,3.43,30.01
India,2014,1312277184.0,7652.732,5831.643,520.369,7011.583,4401.073,485.016,2125.494,1259.25,198.5,4.91,33.45
India,2015,1328024494.0,7892.49,5943.03,499.727,7264.577,4490.47,478.068,2296.039,1310.65,191.67,7.09,32.74
India,2016,1343944296.0,8262.856,6148.213,524.185,7609.864,4587.692,507.91,2514.262,1393.84,201.4,12.2,43.45
India,2017,1359657398.0,8571.671,6304.287,579.737,7861.352,4737.157,535.999,2588.196,1460.8,225.96,22.36,52.63
India,2018,1374659067.0,9063.36,6593.169,659.31,8266.076,4981.602,579.963,2704.512,1567.81,256.08,37.45,60.31
India,2019,1389030307.0,9281.595,6682.068,748.695,8373.468,4989.023,592.498,2791.946,1597.84,282.04,37.45,63.31
India,2020,1402617694.0,8792.22,6268.437,777.565,7856.125,4714.672,603.601,2537.853,1563.32,297.16,52.91,60.43
India,2021,1414203896.0,9544.969,6749.358,822.007,8565.351,5352.792,623.727,2588.831,1678.69,315.45,65.59,68.09
India,2022,1425423209.0,10059.478,7057.187,942.536,8948.373,5561.334,582.508,2804.53,1802.88,364.35,95.92,70.05
India,2023,1438069597.0,10827.859,7529.44,954.198,9696.803,6137.224,620.344,2939.235,1916.2,369.97,115.42,82.11
India,2024,1450935785.0,11336.057,7812.928,1031.37,10111.388,6379.826,702.818,3028.744,2034.22,403.39,143.07,81.54
