country,year,population,co2,co2_per_capita,total_ghg,ghg_per_capita,primary_energy_consumption,energy_per_capita
India,2000,1057922731.0,987.065,0.933,2005.885,1.896,3725.401,3521.43
India,2001,1077898579.0,1001.198,0.929,2000.273,1.856,3740.874,3470.525
India,2002,1097600380.0,1032.75,0.941,1994.045,1.817,3870.809,3526.61
India,2003,1116803000.0,1068.398,0.957,2059.556,1.844,4008.71,3589.451
India,2004,1135991509.0,1134.611,0.999,2129.202,1.874,4352.651,3831.588
India,2005,1154676321.0,1195.393,1.035,2205.413,1.91,4608.417,3991.09
India,2006,1172878888.0,1293.321,1.103,2324.594,1.982,4854.867,4139.273
India,2007,1190676028.0,1393.485,1.17,2485.674,2.088,5268.96,4425.184
India,2008,1207930960.0,1490.366,1.234,2641.331,2.187,5576.529,4616.596
India,2009,1225524764.0,1613.328,1.316,2738.05,2.234,5988.39,4886.388
India,2010,1243481565.0,1678.53,1.35,2848.131,2.29,6247.89,5024.514
India,2011,1261224956.0,1765.695,1.4,2950.343,2.339,6587.01,5222.708
India,2012,1278674501.0,1926.986,1.507,3164.01,2.474,6937.768,5425.75
India,2013,1295829507.0,1995.337,1.54,3124.772,2.411,7163.062,5527.781
India,2014,1312277184.0,2148.052,1.637,3216.867,2.451,7652.732,5831.643
India,2015,1328024494.0,2231.817,1.681,3290.423,2.478,7892.49,5943.03
India,2016,1343944296.0,2352.54,1.75,3365.011,2.504,8262.856,6148.213
India,2017,1359657398.0,2425.722,1.784,3415.989,2.512,8571.671,6304.287
India,2018,1374659067.0,2595.227,1.888,3616.201,2.631,9063.36,6593.169
India,2019,1389030307.0,2611.175,1.88,3613.001,2.601,9281.595,6682.068
India,2020,1402617694.0,2422.732,1.727,3436.429,2.45,8792.22,6268.437
India,2021,1414203896.0,2675.778,1.892,3697.615,2.615,9544.969,6749.358
India,2022,1425423209.0,2831.132,1.986,3869.995,2.715,10059.478,7057.187
India,2023,1438069597.0,3062.756,2.13,4121.424,2.866,10827.859,7529.44
India,2024,1450935785.0,3193.478,2.201,4262.411,2.938,11336.057,7812.928
