year,Mean_Temperature,Mean_Minimum_Temperature,Mean_Maximum_Temperature,Total_Rainfall,Mean_Pressure,Total_Sunshine,country,population_co2,co2,co2_per_capita,total_ghg,ghg_per_capita,primary_energy_consumption_co2,energy_per_capita_co2,population_energy,primary_energy_consumption_energy,energy_per_capita_energy,renewables_consumption,fossil_fuel_consumption,coal_consumption,gas_consumption,oil_consumption,electricity_demand,renewables_electricity,solar_electricity,wind_electricity
2000,26.483333333333334,20.172727272727272,32.663636363636364,1046.5,1007.15,161940.0,India,1057922731.0,987.065,0.933,2005.885,1.896,3725.401,3521.43,1057922731.0,3725.401,3521.43,224.159,3442.303,1911.166,253.627,1277.51,572.69,80.27,0.01,1.58
2001,26.90833333333333,20.918181818181818,32.58181818181818,825.5,1007.6166666666667,150900.0,India,1077898579.0,1001.198,0.929,2000.273,1.856,3740.874,3470.525,1077898579.0,3740.874,3470.525,212.162,3462.326,1926.953,254.277,1281.096,587.38,76.19,0.01,2.09
2002,26.891666666666666,20.62222222222222,33.333333333333336,662.5,1008.1333333333333,162480.0,India,1097600380.0,1032.75,0.941,1994.045,1.817,3870.809,3526.61,1097600380.0,3870.809,3526.61,201.231,3602.576,2012.79,265.544,1324.242,610.99,72.78,0.01,2.09
2003,27.025000000000002,21.10909090909091,32.99166666666667,748.0,1008.0333333333333,149160.0,India,1116803000.0,1068.398,0.957,2059.556,1.844,4008.71,3589.451,1116803000.0,4008.71,3589.451,205.485,3739.946,2107.984,284.269,1347.694,639.82,74.63,0.02,2.6
2004,26.391666666666666,20.25,32.583333333333336,668.0,1008.3583333333332,161940.0,India,1135991509.0,1134.611,0.999,2129.202,1.874,4352.651,3831.588,1135991509.0,4352.651,3831.588,298.403,3977.076,2243.529,306.691,1426.856,700.02,109.2,0.02,5.23
2005,26.59166666666667,20.533333333333335,32.68333333333333,1133.0,1007.9083333333333,148860.0,India,1154676321.0,1195.393,1.035,2205.413,1.91,4608.417,3991.09,1154676321.0,4608.417,3991.09,291.814,4249.498,2456.113,343.256,1450.128,706.07,107.47,0.02,5.99
2006,26.575,20.849999999999998,32.300000000000004,992.0,1008.4636363636364,156540.0,India,1172878888.0,1293.321,1.103,2324.594,1.982,4854.867,4139.273,1172878888.0,4854.867,4139.273,344.743,4440.676,2549.865,358.772,1532.039,747.17,127.56,0.01,9.34
2007,26.99166666666667,20.866666666666667,33.1,793.0,1007.5916666666667,136560.0,India,1190676028.0,1393.485,1.17,2485.674,2.088,5268.96,4425.184,1190676028.0,5268.96,4425.184,381.644,4815.856,2790.272,388.103,1637.482,801.2,141.75,0.06,11.68
2008,27.083333333333332,21.25,32.93333333333333,1152.0,1007.5166666666668,152940.0,India,1207930960.0,1490.366,1.234,2641.331,2.187,5576.529,4616.596,1207930960.0,5576.529,4616.596,372.704,5139.897,3020.762,399.877,1719.259,834.25,138.91,0.06,14.38
2009,27.375,20.583333333333332,34.175,767.0,1007.5749999999999,160740.0,India,1225524764.0,1613.328,1.316,2738.05,2.234,5988.39,4886.388,1225524764.0,5988.39,4886.388,355.862,5566.137,3268.266,491.081,1806.79,883.93,133.25,0.08,16.27
2010,27.599999999999998,21.816666666666666,33.449999999999996,1083.0,1008.05,136380.0,India,1243481565.0,1678.53,1.35,2848.131,2.29,6247.89,5024.514,1243481565.0,6247.89,5024.514,376.951,5786.579,3348.546,589.616,1848.416,941.94,141.53,0.11,19.46
2011,26.900000000000002,20.566666666666666,33.516666666666666,648.0,1007.2666666666668,154560.0,India,1261224956.0,1765.695,1.4,2950.343,2.339,6587.01,5222.708,1261224956.0,6587.01,5222.708,456.895,6017.487,3478.864,602.859,1935.765,1037.44,171.94,0.83,23.95
2012,27.34166666666667,21.349999999999998,33.458333333333336,762.5,1007.225,149160.0,India,1278674501.0,1926.986,1.507,3164.01,2.474,6937.768,5425.75,1278674501.0,6937.768,5425.75,429.064,6396.479,3787.818,556.991,2051.67,1093.06,161.83,2.1,27.43
2013,26.933333333333334,21.683333333333334,32.291666666666664,1035.5,1007.5083333333333,140280.0,India,1295829507.0,1995.337,1.54,3124.772,2.411,7163.062,5527.781,1295829507.0,7163.062,5527.781,481.422,6565.578,4009.729,490.193,2065.656,1145.18,182.99,3.43,30.01
2014,27.166666666666668,21.933333333333334,33.05833333333333,623.0,1008.25,159060.0,India,1312277184.0,2148.052,1.637,3216.867,2.451,7652.732,5831.643,1312277184.0,7652.732,5831.643,520.369,7011.583,4401.073,485.016,2125.494,1259.25,198.5,4.91,33.45
2015,27.483333333333334,21.90833333333333,33.666666666666664,516.0,1008.8083333333334,163860.0,India,1328024494.0,2231.817,1.681,3290.423,2.478,7892.49,5943.03,1328024494.0,7892.49,5943.03,499.727,7264.577,4490.47,478.068,2296.039,1310.65,191.67,7.09,32.74
2016,27.416666666666668,21.241666666666667,33.583333333333336,1045.0,1008.0916666666667,153960.0,India,1343944296.0,2352.54,1.75,3365.011,2.504,8262.856,6148.213,1343944296.0,8262.856,6148.213,524.185,7609.864,4587.692,507.91,2514.262,1393.84,201.4,12.2,43.45
2017,27.433333333333334,21.3,33.574999999999996,1023.0,1007.9083333333333,157260.0,India,1359657398.0,2425.722,1.784,3415.989,2.512,8571.671,6304.287,1359657398.0,8571.671,6304.287,579.737,7861.352,4737.157,535.999,2588.196,1460.8,225.96,22.36,52.63
2018,27.208333333333332,21.175,33.25,635.5,1008.1,149460.0,India,1374659067.0,2595.227,1.888,3616.201,2.631,9063.36,6593.169,1374659067.0,9063.36,6593.169,659.31,8266.076,4981.602,579.963,2704.512,1567.81,256.08,37.45,60.31
2019,27.733333333333334,22.34166666666667,33.233333333333334,867.0,1008.3583333333332,138960.0,India,1389030307.0,2611.175,1.88,3613.001,2.601,9281.595,6682.068,1389030307.0,9281.595,6682.068,748.695,8373.468,4989.023,592.498,2791.946,1597.84,282.04,37.45,63.31
2020,27.125,21.65833333333333,32.56666666666667,1348.0,1008.0583333333334,150120.0,India,1402617694.0,2422.732,1.727,3436.429,2.45,8792.22,6268.437,1402617694.0,8792.22,6268.437,777.565,7856.125,4714.672,603.601,2537.853,1563.32,297.16,52.91,60.43
2021,26.96666666666667,21.558333333333334,32.35,1091.0,1007.7666666666668,143160.0,India,1414203896.0,2675.778,1.892,3697.615,2.615,9544.969,6749.358,1414203896.0,9544.969,6749.358,822.007,8565.351,5352.792,623.727,2588.831,1678.69,315.45,65.59,68.09
2022,26.991666666666664,21.400000000000002,32.6,990.0,1007.3333333333334,129840.0,India,1425423209.0,2831.132,1.986,3869.995,2.715,10059.478,7057.187,1425423209.0,10059.478,7057.187,942.536,8948.373,5561.334,582.508,2804.53,1802.88,364.35,95.92,70.05
2023,27.208333333333332,21.816666666666666,32.574999999999996,1123.0,1008.8083333333334,152280.0,India,1438069597.0,3062.756,2.13,4121.424,2.866,10827.859,7529.44,1438069597.0,10827.859,7529.44,954.198,9696.803,6137.224,620.344,2939.235,1916.2,369.97,115.42,82.11
2024,27.741666666666664,22.675,32.833333333333336,1056.0,1007.8583333333332,139080.0,India,1450935785.0,3193.478,2.201,4262.411,2.938,11336.057,7812.928,1450935785.0,11336.057,7812.928,1031.37,10111.388,6379.826,702.818,3028.744,2034.22,403.39,143.07,81.54
